CREATE TABLE IF NOT EXISTS customers (
  id INTEGER GENERATED BY DEFAULT AS IDENTITY PRIMARY KEY,
  email VARCHAR(255) NOT NULL UNIQUE,
  full_name VARCHAR(255) NOT NULL,
  country_code CHAR(2) NOT NULL,
  created_at TIMESTAMP NOT NULL DEFAULT CURRENT_TIMESTAMP
);

CREATE TABLE IF NOT EXISTS products (
  id INTEGER GENERATED BY DEFAULT AS IDENTITY PRIMARY KEY,
  sku VARCHAR(64) NOT NULL UNIQUE,
  name VARCHAR(255) NOT NULL,
  category VARCHAR(120) NOT NULL,
  price NUMERIC(10, 2) NOT NULL,
  stock INTEGER NOT NULL DEFAULT 0
);

CREATE TABLE IF NOT EXISTS orders (
  id INTEGER GENERATED BY DEFAULT AS IDENTITY PRIMARY KEY,
  customer_id INTEGER NOT NULL REFERENCES customers(id) ON DELETE CASCADE,
  order_number VARCHAR(40) NOT NULL UNIQUE,
  status VARCHAR(32) NOT NULL DEFAULT 'pending',
  ordered_at TIMESTAMP NOT NULL,
  CONSTRAINT chk_orders_status
    CHECK (status IN ('pending', 'paid', 'shipped', 'cancelled'))
);

CREATE TABLE IF NOT EXISTS order_items (
  id INTEGER GENERATED BY DEFAULT AS IDENTITY PRIMARY KEY,
  order_id INTEGER NOT NULL REFERENCES orders(id) ON DELETE CASCADE,
  product_id INTEGER NOT NULL REFERENCES products(id) ON DELETE RESTRICT,
  quantity INTEGER NOT NULL,
  unit_price NUMERIC(10, 2) NOT NULL,
  UNIQUE (order_id, product_id)
);

INSERT INTO customers (id, email, full_name, country_code, created_at) VALUES
  (1, 'ava@example.com', 'Ava Johnson', 'US', '2026-01-04 09:15:00'),
  (2, 'liam@example.com', 'Liam Carter', 'DE', '2026-01-08 13:42:00'),
  (3, 'mia@example.com', 'Mia Chen', 'GB', '2026-01-12 17:05:00')
ON CONFLICT (id) DO UPDATE SET
  email = EXCLUDED.email,
  full_name = EXCLUDED.full_name,
  country_code = EXCLUDED.country_code,
  created_at = EXCLUDED.created_at;

INSERT INTO products (id, sku, name, category, price, stock) VALUES
  (1, 'LAP-14-PRO', 'StarQuery Laptop Pro 14', 'hardware', 1499.00, 12),
  (2, 'MON-27-IPS', 'Nebula Monitor 27', 'hardware', 329.90, 24),
  (3, 'DOCK-USB-C', 'Orbit USB-C Dock', 'accessories', 119.50, 50),
  (4, 'MOU-WL-ERG', 'Comet Ergonomic Mouse', 'accessories', 59.99, 80)
ON CONFLICT (id) DO UPDATE SET
  sku = EXCLUDED.sku,
  name = EXCLUDED.name,
  category = EXCLUDED.category,
  price = EXCLUDED.price,
  stock = EXCLUDED.stock;

INSERT INTO orders (id, customer_id, order_number, status, ordered_at) VALUES
  (1, 1, 'SQ-1001', 'paid', '2026-02-02 10:30:00'),
  (2, 2, 'SQ-1002', 'shipped', '2026-02-05 15:10:00'),
  (3, 1, 'SQ-1003', 'pending', '2026-02-17 08:00:00')
ON CONFLICT (id) DO UPDATE SET
  customer_id = EXCLUDED.customer_id,
  order_number = EXCLUDED.order_number,
  status = EXCLUDED.status,
  ordered_at = EXCLUDED.ordered_at;

INSERT INTO order_items (id, order_id, product_id, quantity, unit_price) VALUES
  (1, 1, 1, 1, 1499.00),
  (2, 1, 3, 1, 119.50),
  (3, 2, 2, 2, 329.90),
  (4, 2, 4, 1, 59.99),
  (5, 3, 3, 3, 119.50)
ON CONFLICT (id) DO UPDATE SET
  order_id = EXCLUDED.order_id,
  product_id = EXCLUDED.product_id,
  quantity = EXCLUDED.quantity,
  unit_price = EXCLUDED.unit_price;

SELECT setval('customers_id_seq', GREATEST((SELECT MAX(id) FROM customers), 1), true);
SELECT setval('products_id_seq', GREATEST((SELECT MAX(id) FROM products), 1), true);
SELECT setval('orders_id_seq', GREATEST((SELECT MAX(id) FROM orders), 1), true);
SELECT setval('order_items_id_seq', GREATEST((SELECT MAX(id) FROM order_items), 1), true);
